Individual,entraparesh@gmail.com
Doctor,entraparesh@gmail.com
Doctor,entraparesh@gmail.com
Doctor,entraparesh@gmail.com
Doctor,entraparesh@gmail.com
Doctor,entraparesh@gmail.com
Doctor,entraparesh@gmail.com
Doctor,entraparesh@gmail.com
Individual,entraparesh@gmail.com
Doctor,entraparesh@gmail.com
Individual,entraparesh@gmail.com
Doctor,entraparesh@gmail.com
Doctor,entraparesh@gmail.com
Doctor,entraparesh@gmail.com
Doctor,entraparesh@gmail.com
Doctor,entraparesh@gmail.com
Doctor,entraparesh@gmail.com
Individual,entraparesh@gmail.com
Doctor,entraparesh@gmail.com
